patient_id,reading_time,heart_rate,temperature,oxygen_level,systolic_bp,diastolic_bp
P001,2026-09-20 09:00:00,78,36.7,98,120,80
P002,2026-09-20 09:05:00,82,36.8,97,118,78
P003,2026-09-20 09:10:00,95,37.2,96,135,88
P004,2026-09-20 09:15:00,72,36.5,99,115,75
P005,2026-09-20 09:20:00,88,37.0,97,128,82
P006,2026-09-20 09:25:00,105,38.1,93,145,92
P007,2026-09-20 09:30:00,76,36.6,98,122,80
P008,2026-09-20 09:35:00,91,37.4,95,132,86
P001,2026-09-21 09:00:00,80,36.8,98,121,81
P002,2026-09-21 09:05:00,84,36.9,97,119,79
P003,2026-09-21 09:10:00,102,37.8,94,140,90
P004,2026-09-21 09:15:00,74,36.6,99,116,76
P005,2026-09-21 09:20:00,90,37.1,96,130,84
P006,2026-09-21 09:25:00,110,38.4,91,150,95
P007,2026-09-21 09:30:00,79,36.7,98,123,81
P008,2026-09-21 09:35:00,94,37.6,94,135,87
P001,2026-09-22 09:00:00,79,36.7,98,120,80
P003,2026-09-22 09:10:00,108,38.0,93,142,91
P006,2026-09-22 09:25:00,112,38.6,90,152,96
P008,2026-09-22 09:35:00,96,37.8,93,138,89
